{"acc": [0.10720887245841035, 0.11583487370446811, 0.1149106592867232, 0.11583487371823997, 0.11152187308832516, 0.12107208877967157, 0.11552680222729585, 0.12230437462868253, 0.1263093037860157, 0.12322858904183683, 0.1293900184934696, 0.13585951942227464, 0.14140480592415353, 0.1398644485796078, 0.1500308071748019, 0.16235366607806745, 0.17097966729199085, 0.18299445474103726, 0.21164510168194844, 0.21749845965640896, 0.25015403576383455, 0.2578558225508318, 0.29728897107800656, 0.3006777572947671, 0.30930375850869046, 0.3508934073255742, 0.3844731977451604, 0.3964879852492943, 0.42883548984282266, 0.450092421460137, 0.4636475662629103, 0.47412199641331726, 0.5021565003080715, 0.5147874307573687, 0.5243376463339495, 0.5246457178065311, 0.5434380776890986, 0.5542205791376434, 0.5566851510284715, 0.5856438693409707, 0.5871842268507788, 0.5841035119780624, 0.6056685151689521, 0.607516943894267, 0.6161429451632778, 0.6179913738885928, 0.6241528035605755, 0.6361675909912593, 0.6349353049540328, 0.6568083795073293, 0.6605052372517589, 0.6537276647815129, 0.6614294517062288, 0.6725200246089929, 0.6786814541340755, 0.6857670978932783, 0.6922365988542177, 0.6826863832776369, 0.6876155268756681, 0.6916204559457794, 0.70394331481232, 0.7085643869010446, 0.7113370302644543, 0.7116451015901359, 0.7122612445720242, 0.7208872458777601, 0.7270486753293929, 0.7273567468386996, 0.7378311768330252, 0.7387553912874951, 0.7501540356628409, 0.7655576094388228, 0.7612446086390549, 0.7600123227854533, 0.7621688230935247, 0.7729513246338822, 0.7744916819967903, 0.7852741835371477, 0.7744916821069653, 0.7865064694274743, 0.7809611830311797, 0.7895871841165657, 0.7975970425873132, 0.792667898989282, 0.8043746148004843, 0.8025261860384445, 0.8049907579292725, 0.8142329019598218, 0.8099199013069538, 0.8176216881214948, 0.81484904486826, 0.818237831213558, 0.8207024029942112, 0.8339494761683217, 0.8234750462474458, 0.8351817620953732, 0.8314849044243935, 0.8259396178811991, 0.8425754774006076, 0.8388786198398028], "loss": [3.2736182945860217, 2.3513580896350534, 2.317924875281728, 2.2861658416261514, 2.258796051704656, 2.2660063159223407, 2.250518238404909, 2.2519681565348777, 2.235604106094539, 2.202907043846022, 2.1892633153124494, 2.149403742192633, 2.1500413788003976, 2.138382550455212, 2.09267923197332, 2.077470090017595, 2.0596278383639297, 2.024793306913041, 1.988868189680672, 1.929023149346982, 1.8776810536469783, 1.8800119877742971, 1.8295949925189392, 1.788514430186518, 1.7800047873569285, 1.7183725208099139, 1.6299563540548583, 1.5989690171445656, 1.5516069733795381, 1.5545507958841707, 1.5021651800370701, 1.4308181447301171, 1.3765498246958574, 1.3885032968321334, 1.3336883668758512, 1.3419774308001928, 1.2756232103299596, 1.2247081585159585, 1.2311056618769816, 1.188064781406083, 1.1770041564769826, 1.1172536779390172, 1.1081812874593635, 1.0609094764227054, 1.0568889139687214, 1.0306687205938079, 1.0186609604148607, 1.0129743729266427, 0.9834579483124479, 0.9728452215500254, 0.9264123226049427, 0.9532872948540777, 0.9275921717589091, 0.8965651659560071, 0.9113941856981866, 0.8496524736018953, 0.8696132653007813, 0.8377599335348467, 0.8915712884452265, 0.8169507957944441, 0.8001859391536231, 0.7785499846024493, 0.8040103394898528, 0.7893672264878279, 0.7718979894784374, 0.7319943636417096, 0.7469197510938475, 0.7288285133211391, 0.686810275249399, 0.7196917175255069, 0.6958766566039748, 0.6881525440856548, 0.6702769880521026, 0.666910872753946, 0.6442257719721532, 0.6610411459916327, 0.6434279897296715, 0.6288002222611151, 0.6178374462706471, 0.6095018488569018, 0.5991711122014239, 0.5978468440780651, 0.5783985097395073, 0.602538942299136, 0.5707756982713442, 0.5495560990390554, 0.5568855148697076, 0.5376510035822734, 0.5369125898796617, 0.5300999298480581, 0.518774204116799, 0.5020819698045522, 0.503663837744436, 0.4811167110466913, 0.5246017889629818, 0.4727136457105955, 0.4700413335089469, 0.4648409541455302, 0.4536117846702839, 0.44617467781715897], "val_acc": [0.12125, 0.115, 0.12125, 0.11375, 0.115, 0.12, 0.1225, 0.125, 0.12125, 0.125, 0.13625, 0.1425, 0.1525, 0.14625, 0.16, 0.17, 0.18, 0.19625, 0.22375, 0.26125, 0.24125, 0.305, 0.3425, 0.35625, 0.39875, 0.41375, 0.45875, 0.48375, 0.50375, 0.50875, 0.52, 0.535, 0.545, 0.545, 0.5575, 0.56125, 0.56375, 0.56875, 0.56875, 0.5825, 0.5775, 0.5775, 0.58, 0.59, 0.59, 0.58875, 0.59875, 0.6, 0.60625, 0.605, 0.6125, 0.6125, 0.61, 0.62375, 0.61375, 0.62875, 0.6225, 0.62, 0.62125, 0.62625, 0.63125, 0.6325, 0.63625, 0.645, 0.65625, 0.64, 0.64375, 0.64375, 0.64625, 0.65625, 0.66, 0.66625, 0.67625, 0.66625, 0.66625, 0.67, 0.68, 0.67625, 0.67625, 0.67625, 0.68375, 0.69125, 0.68875, 0.69, 0.69, 0.69375, 0.6925, 0.69, 0.69125, 0.7, 0.69125, 0.7075, 0.70625, 0.6975, 0.68875, 0.69375, 0.7025, 0.70875, 0.70875, 0.7125], "val_loss": [2.3053927707672117, 2.3064012908935547, 2.302761125564575, 2.2948303031921387, 2.2825244522094725, 2.2738492012023928, 2.2699670696258547, 2.2529391288757323, 2.233122959136963, 2.2123045921325684, 2.200455551147461, 2.1790186023712157, 2.168495740890503, 2.1360393524169923, 2.1032434844970704, 2.0868524599075315, 2.044012122154236, 2.010228042602539, 1.9736422777175904, 1.9410911798477173, 1.922296977043152, 1.8788476133346557, 1.8333624744415282, 1.8150705194473267, 1.7678009271621704, 1.7431580114364624, 1.6663716506958008, 1.6432583332061768, 1.597061882019043, 1.571425964832306, 1.5650894117355347, 1.5193419528007508, 1.5019718241691589, 1.4929956769943238, 1.4653465962409973, 1.4329281401634217, 1.4248153567314148, 1.4078805136680603, 1.399025971889496, 1.419912769794464, 1.4233753728866576, 1.4023464846611022, 1.4145689868927003, 1.3851656270027162, 1.3611163234710693, 1.3841143655776977, 1.3672962701320648, 1.375819104909897, 1.3720363664627075, 1.3895029950141906, 1.3804968225955963, 1.3297033047676086, 1.357155888080597, 1.3844025659561157, 1.355259189605713, 1.383998773097992, 1.3526274180412292, 1.3630079579353334, 1.3458998942375182, 1.3838272452354432, 1.3714194178581238, 1.4035373783111573, 1.3869312834739684, 1.369570291042328, 1.3951537537574767, 1.4151484751701355, 1.4085833644866943, 1.4098525738716126, 1.4352462267875672, 1.397914080619812, 1.4149016380310058, 1.394245340824127, 1.406295804977417, 1.4115092730522156, 1.4154422998428344, 1.3676558017730713, 1.397792456150055, 1.4016624212265014, 1.3872366237640381, 1.4028626894950866, 1.4333338689804078, 1.4211478328704834, 1.4176125991344453, 1.3850006937980652, 1.3858471846580505, 1.4075504922866822, 1.4054439675807953, 1.4001286482810975, 1.4245082068443298, 1.4225073885917663, 1.4408088552951812, 1.437863073348999, 1.4099020409584044, 1.4549871957302094, 1.4191241812705995, 1.4384812712669373, 1.4297367107868195, 1.4317224407196045, 1.459612318277359, 1.446494108438492]}