{"acc": [0.11741597555977765, 0.13051069396804482, 0.1257092971980754, 0.12614578781352714, 0.13400261894694482, 0.13574858148355037, 0.13443910950711074, 0.14535137489340494, 0.15408118726748246, 0.17808817118237186, 0.1964207769565476, 0.2570929725140997, 0.24094281980742643, 0.2562199912831961, 0.3173286773944099, 0.33697075502469725, 0.39327804461310184, 0.417721518935308, 0.4417285029932902, 0.47010039281553706, 0.504146660820775, 0.5264076823909332, 0.537756438327637, 0.5626364033433455, 0.580969009140286, 0.6075949368129282, 0.6158882584935034, 0.6298559583310527, 0.6442601483287587, 0.6516804890255905, 0.6643387167696243, 0.6900916628991606, 0.6953295503366155, 0.7184635532677616, 0.726320384033691, 0.7271933652645945, 0.5325185507991229, 0.10694020078893522, 0.10694020078893522, 0.1069402007856831], "loss": [2.8281229739103813, 2.3170607181575713, 2.2860024166856463, 2.2470902226888056, 2.26041199483501, 2.2143024263918947, 2.2232334374444864, 2.152954268382658, 2.141353136480557, 2.08910690962826, 2.0575091248774102, 1.9756571363018673, 1.9104176154567496, 1.8835458341824962, 1.7909349035040774, 1.7227783887888968, 1.67979093188024, 1.5722637975751859, 1.57442077118879, 1.4638425679979028, 1.3958823730830072, 1.3378336846906511, 1.299770042501855, 1.2135773458526624, 1.1819051808532488, 1.1657654621985114, 1.11846789919305, 1.054325635232347, 0.9945151894335037, 0.9937259691711702, 0.9374909940789954, 0.9482536633583928, 0.8994202219935183, 0.8624026949673124, 0.8076303906702985, 0.8018532916220553, NaN, NaN, NaN, NaN], "val_acc": [0.13, 0.1325, 0.1175, 0.13, 0.135, 0.1375, 0.1375, 0.145, 0.175, 0.195, 0.2175, 0.2225, 0.245, 0.2575, 0.34, 0.375, 0.3975, 0.415, 0.4375, 0.49, 0.4875, 0.505, 0.52, 0.5225, 0.55, 0.5525, 0.585, 0.5875, 0.625, 0.5825, 0.6075, 0.63, 0.645, 0.655, 0.6675, 0.65, 0.1, 0.1, 0.1, 0.1], "val_loss": [2.2950198650360107, 2.283613567352295, 2.2793534278869627, 2.2719404792785642, 2.2453425407409666, 2.2302067184448244, 2.1865858936309817, 2.1403575229644773, 2.1049459171295166, 2.039478635787964, 1.9687903881073, 1.9127187538146972, 1.8522209358215331, 1.8177548503875733, 1.7352716541290283, 1.7130170726776124, 1.6910231113433838, 1.6641654014587401, 1.6315146446228028, 1.6314288997650146, 1.5478496551513672, 1.4955282878875733, 1.4751876783370972, 1.5010464096069336, 1.490063614845276, 1.4320587158203124, 1.391016492843628, 1.4581734561920165, 1.4702996110916138, 1.4372486925125123, 1.448177285194397, 1.6191161060333252, 1.4884192323684693, 1.4617731618881225, 1.4484203147888184, 1.5231291341781616, NaN, NaN, NaN, NaN]}